Year	2013.0	2013.0	2013.0	2013.0	2013.0	2013.0	2013.0	2013.0	2013.0	2013.0	2013.0	2013.0	2013.0	2013.0	2013.0	2013.0	2013.0	2013.0	2013.0	2013.0	2013.0	2013.0	2013.0	2013.0	2013.0	2013.0	2013.0	2013.0	2013.0	2013.0	2013.0	2013.0	2013.0	2013.0	2013.0	2013.0	2013.0	2013.0	2013.0	2013.0	2013.0	2013.0	2013.0	2013.0	2013.0	2013.0	2013.0	2013.0	2013.0	2013.0	2013.0	2013.0	2013.0	2013.0	2013.0	2013.0	2013.0	2013.0	2013.0	2013.0	2013.0	2013.0	2013.0	2013.0	2013.0	2013.0	2013.0	2013.0	2013.0	2013.0	2013.0	2013.0	2013.0	2013.0	2013.0	2013.0	2013.0	2013.0	2013.0	2013.0	2013.0	total_imm	total_emm
City	Adana-1	Adiyaman-2	Afyonkarahisar-3	Agri-4	Aksaray-68	Amasya-5	Ankara-6	Antalya-7	Ardahan-75	Artvin-8	Aydin-9	Balikesir-10	Bartin-74	Batman-72	Bayburt-69	Bilecik-11	Bingol-12	Bitlis-13	Bolu-14	Burdur-15	Bursa-16	canakkale-17	cankiri-18	corum-19	Denizli-20	Diyarbakir-21	Duzce-81	Edirne-22	Elazig-23	Erzincan-24	Erzurum-25	Eskisehir-26	Gaziantep-27	Giresun-28	Gumushane-29	Hakkari-30	Hatay-31	Igdir-76	Isparta-32	İstanbul-34	İzmir-35	Kahramanmaras-46	Karabuk-78	Karaman-70	Kars-36	Kastamonu-37	Kayseri-38	Kilis-79	Kirikkale-71	Kirklareli-39	Kirsehir-40	Kocaeli-41	Konya-42	Kutahya-43	Malatya-44	Manisa-45	Mardin-47	Mersin-33	Mugla-48	Mus-49	Nevsehir-50	Nigde-51	Ordu-52	Osmaniye-80	Rize-53	Sakarya-54	Samsun-55	sanliurfa-63	Siirt-56	Sinop-57	sirnak-73	Sivas-58	Tekirdag-59	Tokat-60	Trabzon-61	Tunceli-62	Usak-64	Van-65	Yalova-77	Yozgat-66	Zonguldak-67		
Adana	0.0	975.0	269.0	243.0	421.0	77.0	2181.0	1598.0	50.0	75.0	336.0	243.0	35.0	437.0	61.0	85.0	277.0	585.0	115.0	98.0	525.0	123.0	106.0	104.0	221.0	1656.0	86.0	125.0	603.0	134.0	366.0	270.0	2005.0	110.0	114.0	205.0	2764.0	63.0	275.0	4639.0	1242.0	1599.0	99.0	178.0	142.0	104.0	1386.0	217.0	136.0	114.0	127.0	389.0	1212.0	141.0	829.0	327.0	1690.0	5148.0	511.0	332.0	259.0	1687.0	96.0	2572.0	87.0	289.0	187.0	3265.0	467.0	44.0	565.0	375.0	243.0	190.0	229.0	105.0	80.0	878.0	49.0	235.0	118.0		
Adiyaman	811.0	0.0	46.0	125.0	72.0	32.0	515.0	382.0	22.0	20.0	115.0	84.0	16.0	184.0	24.0	23.0	76.0	78.0	29.0	28.0	129.0	20.0	27.0	45.0	61.0	388.0	12.0	22.0	187.0	98.0	149.0	56.0	1864.0	34.0	12.0	90.0	359.0	42.0	45.0	2273.0	257.0	546.0	26.0	29.0	58.0	27.0	128.0	58.0	39.0	44.0	25.0	84.0	209.0	36.0	1645.0	91.0	188.0	971.0	93.0	64.0	46.0	71.0	29.0	153.0	25.0	45.0	66.0	1096.0	83.0	26.0	190.0	101.0	84.0	68.0	55.0	38.0	31.0	183.0	19.0	57.0	36.0		
Afyonkarahisar	333.0	104.0	0.0	149.0	118.0	62.0	1597.0	1375.0	31.0	42.0	522.0	311.0	23.0	76.0	14.0	89.0	54.0	67.0	68.0	282.0	644.0	98.0	72.0	117.0	1372.0	175.0	55.0	59.0	83.0	52.0	159.0	1399.0	212.0	64.0	32.0	49.0	228.0	38.0	738.0	1805.0	1928.0	129.0	37.0	119.0	89.0	82.0	182.0	18.0	69.0	64.0	68.0	475.0	1369.0	609.0	123.0	625.0	101.0	373.0	435.0	76.0	62.0	74.0	92.0	127.0	63.0	154.0	114.0	354.0	37.0	30.0	53.0	105.0	161.0	102.0	80.0	21.0	438.0	138.0	33.0	104.0	119.0		
Agri	243.0	104.0	97.0	0.0	41.0	63.0	908.0	238.0	28.0	38.0	217.0	187.0	13.0	138.0	51.0	46.0	63.0	161.0	39.0	51.0	465.0	99.0	26.0	80.0	110.0	338.0	35.0	116.0	87.0	113.0	447.0	210.0	127.0	91.0	53.0	68.0	151.0	735.0	70.0	2667.0	737.0	98.0	50.0	33.0	152.0	67.0	264.0	18.0	63.0	64.0	54.0	295.0	263.0	68.0	115.0	230.0	140.0	225.0	178.0	285.0	35.0	22.0	82.0	88.0	67.0	116.0	129.0	160.0	73.0	27.0	83.0	144.0	151.0	120.0	261.0	20.0	40.0	724.0	49.0	60.0	61.0		
Aksaray	455.0	57.0	89.0	59.0	0.0	27.0	1621.0	370.0	26.0	20.0	85.0	83.0	12.0	45.0	7.0	12.0	25.0	29.0	38.0	20.0	149.0	20.0	33.0	66.0	81.0	86.0	28.0	12.0	59.0	47.0	96.0	101.0	108.0	41.0	15.0	20.0	161.0	5.0	70.0	1314.0	371.0	107.0	30.0	101.0	30.0	28.0	320.0	11.0	67.0	29.0	223.0	130.0	1654.0	46.0	78.0	80.0	46.0	390.0	90.0	48.0	397.0	399.0	35.0	123.0	44.0	34.0	166.0	156.0	34.0	14.0	36.0	112.0	106.0	40.0	65.0	6.0	37.0	46.0	27.0	101.0	42.0		
Amasya	91.0	67.0	53.0	94.0	40.0	0.0	1102.0	179.0	24.0	20.0	77.0	259.0	38.0	25.0	23.0	20.0	35.0	33.0	40.0	25.0	269.0	25.0	58.0	635.0	55.0	119.0	21.0	38.0	60.0	61.0	177.0	124.0	67.0	108.0	63.0	28.0	85.0	31.0	40.0	2398.0	352.0	81.0	32.0	26.0	86.0	75.0	178.0	5.0	60.0	42.0	40.0	157.0	229.0	53.0	82.0	87.0	47.0	97.0	76.0	33.0	31.0	28.0	470.0	28.0	67.0	70.0	1191.0	113.0	23.0	114.0	51.0	251.0	134.0	775.0	234.0	13.0	12.0	66.0	17.0	92.0	54.0		
Ankara	3420.0	817.0	1837.0	2376.0	1806.0	1785.0	0.0	5049.0	519.0	751.0	2012.0	2387.0	897.0	762.0	310.0	502.0	550.0	1136.0	2281.0	367.0	4048.0	955.0	7364.0	8300.0	1234.0	3421.0	825.0	728.0	1410.0	926.0	3122.0	3910.0	2045.0	780.0	636.0	562.0	2459.0	482.0	1296.0	16594.0	6863.0	1779.0	1454.0	560.0	1729.0	1540.0	3751.0	217.0	9053.0	577.0	3373.0	2574.0	6898.0	1029.0	2496.0	1444.0	1515.0	3585.0	2012.0	652.0	1313.0	1618.0	3079.0	1000.0	1015.0	1384.0	4279.0	2904.0	635.0	479.0	940.0	2849.0	1121.0	3377.0	2248.0	494.0	464.0	2632.0	375.0	8541.0	2133.0		
Antalya	2836.0	1010.0	2345.0	423.0	578.0	296.0	5805.0	0.0	56.0	163.0	1337.0	754.0	136.0	685.0	60.0	169.0	179.0	305.0	249.0	3180.0	1460.0	369.0	188.0	557.0	1646.0	1845.0	186.0	217.0	565.0	307.0	744.0	1058.0	2043.0	227.0	194.0	305.0	3075.0	227.0	4508.0	8614.0	3605.0	1819.0	216.0	917.0	218.0	273.0	1568.0	166.0	453.0	193.0	341.0	906.0	5417.0	805.0	727.0	1428.0	921.0	2952.0	2305.0	289.0	391.0	527.0	488.0	906.0	229.0	422.0	681.0	2670.0	176.0	174.0	385.0	1246.0	481.0	678.0	510.0	120.0	819.0	1867.0	209.0	654.0	552.0		
Ardahan	68.0	26.0	28.0	50.0	11.0	25.0	385.0	82.0	0.0	78.0	33.0	53.0	12.0	21.0	9.0	8.0	5.0	18.0	17.0	12.0	192.0	35.0	18.0	21.0	29.0	75.0	9.0	31.0	43.0	26.0	191.0	42.0	57.0	33.0	12.0	24.0	32.0	131.0	20.0	1457.0	205.0	47.0	16.0	20.0	219.0	11.0	60.0	1.0	16.0	12.0	12.0	268.0	79.0	15.0	40.0	50.0	36.0	69.0	18.0	17.0	9.0	11.0	34.0	17.0	63.0	43.0	58.0	39.0	22.0	12.0	23.0	37.0	49.0	20.0	89.0	2.0	7.0	45.0	8.0	20.0	16.0		
Artvin	123.0	25.0	34.0	74.0	27.0	25.0	763.0	154.0	115.0	0.0	66.0	68.0	12.0	33.0	19.0	14.0	23.0	17.0	18.0	17.0	1169.0	35.0	16.0	47.0	40.0	76.0	32.0	33.0	60.0	37.0	521.0	86.0	78.0	118.0	37.0	20.0	67.0	19.0	33.0	1443.0	248.0	71.0	25.0	14.0	68.0	31.0	79.0	3.0	27.0	19.0	18.0	602.0	97.0	58.0	57.0	70.0	16.0	97.0	66.0	14.0	18.0	16.0	154.0	47.0	885.0	105.0	386.0	46.0	14.0	143.0	28.0	39.0	70.0	62.0	525.0	9.0	23.0	55.0	66.0	29.0	59.0		
Aydin	446.0	178.0	631.0	520.0	124.0	96.0	2053.0	990.0	40.0	58.0	0.0	649.0	38.0	195.0	36.0	83.0	106.0	305.0	88.0	200.0	805.0	316.0	77.0	176.0	1918.0	438.0	58.0	130.0	161.0	126.0	449.0	454.0	347.0	90.0	45.0	82.0	379.0	102.0	454.0	3257.0	6430.0	197.0	70.0	99.0	138.0	121.0	280.0	30.0	136.0	97.0	89.0	493.0	825.0	294.0	281.0	1275.0	223.0	475.0	2250.0	315.0	96.0	87.0	156.0	85.0	87.0	157.0	301.0	369.0	181.0	42.0	156.0	244.0	274.0	175.0	205.0	87.0	279.0	444.0	75.0	162.0	208.0		
Balikesir	340.0	127.0	370.0	361.0	168.0	331.0	2102.0	589.0	75.0	63.0	525.0	0.0	76.0	118.0	71.0	215.0	80.0	155.0	117.0	74.0	3063.0	1720.0	84.0	183.0	363.0	638.0	123.0	321.0	251.0	160.0	495.0	561.0	292.0	97.0	210.0	106.0	283.0	115.0	208.0	7744.0	3425.0	210.0	127.0	47.0	201.0	247.0	333.0	34.0	164.0	210.0	108.0	1023.0	526.0	683.0	361.0	2106.0	277.0	268.0	480.0	231.0	85.0	164.0	178.0	90.0	150.0	354.0	308.0	327.0	124.0	64.0	133.0	324.0	638.0	210.0	276.0	91.0	137.0	326.0	234.0	178.0	284.0		
Bartin	59.0	30.0	34.0	15.0	21.0	22.0	783.0	78.0	9.0	35.0	39.0	67.0	0.0	15.0	1.0	26.0	15.0	21.0	115.0	14.0	137.0	51.0	36.0	34.0	39.0	31.0	68.0	34.0	36.0	11.0	40.0	78.0	54.0	37.0	11.0	10.0	59.0	18.0	36.0	2387.0	138.0	35.0	340.0	18.0	22.0	224.0	49.0	2.0	29.0	24.0	20.0	251.0	88.0	49.0	43.0	87.0	27.0	80.0	38.0	24.0	15.0	12.0	41.0	15.0	10.0	93.0	85.0	51.0	8.0	47.0	17.0	52.0	112.0	36.0	52.0	4.0	21.0	49.0	18.0	30.0	924.0		
Batman	541.0	179.0	54.0	150.0	35.0	25.0	653.0	569.0	9.0	9.0	119.0	131.0	26.0	0.0	12.0	13.0	67.0	276.0	23.0	29.0	295.0	51.0	20.0	29.0	63.0	2249.0	20.0	26.0	166.0	37.0	79.0	100.0	308.0	38.0	268.0	69.0	201.0	28.0	73.0	5019.0	613.0	91.0	28.0	41.0	59.0	48.0	114.0	29.0	38.0	33.0	30.0	175.0	288.0	64.0	182.0	196.0	850.0	590.0	139.0	267.0	18.0	42.0	62.0	52.0	24.0	68.0	42.0	324.0	1110.0	30.0	332.0	56.0	82.0	37.0	32.0	59.0	39.0	400.0	14.0	23.0	36.0		
Bayburt	64.0	25.0	28.0	109.0	15.0	22.0	284.0	54.0	114.0	11.0	19.0	39.0	5.0	22.0	0.0	10.0	6.0	15.0	20.0	9.0	134.0	4.0	5.0	17.0	34.0	34.0	7.0	18.0	57.0	102.0	311.0	20.0	40.0	64.0	83.0	13.0	48.0	26.0	19.0	1137.0	92.0	59.0	6.0	12.0	18.0	16.0	43.0	8.0	27.0	13.0	7.0	117.0	74.0	15.0	56.0	48.0	28.0	59.0	23.0	26.0	8.0	11.0	51.0	33.0	46.0	25.0	152.0	43.0	14.0	10.0	11.0	44.0	43.0	36.0	357.0	7.0	10.0	31.0	23.0	23.0	18.0		
Bilecik	168.0	28.0	175.0	117.0	16.0	24.0	442.0	173.0	26.0	22.0	72.0	252.0	23.0	31.0	11.0	0.0	23.0	40.0	55.0	37.0	1222.0	73.0	26.0	26.0	73.0	128.0	64.0	28.0	56.0	18.0	88.0	1219.0	33.0	32.0	26.0	11.0	79.0	31.0	33.0	1682.0	201.0	62.0	40.0	12.0	68.0	44.0	33.0	6.0	33.0	25.0	15.0	486.0	146.0	446.0	36.0	138.0	40.0	145.0	83.0	41.0	13.0	27.0	33.0	33.0	20.0	424.0	76.0	93.0	39.0	72.0	23.0	39.0	81.0	42.0	44.0	9.0	27.0	150.0	71.0	38.0	94.0		
Bingol	336.0	129.0	52.0	68.0	32.0	44.0	413.0	113.0	12.0	17.0	99.0	99.0	3.0	107.0	14.0	26.0	0.0	76.0	20.0	3.0	235.0	30.0	25.0	32.0	36.0	1636.0	21.0	27.0	962.0	70.0	171.0	31.0	191.0	51.0	25.0	76.0	130.0	27.0	43.0	2119.0	277.0	100.0	30.0	15.0	43.0	52.0	111.0	10.0	31.0	21.0	37.0	113.0	125.0	40.0	354.0	92.0	174.0	215.0	39.0	162.0	12.0	29.0	29.0	103.0	16.0	69.0	68.0	252.0	48.0	7.0	114.0	72.0	48.0	63.0	53.0	32.0	28.0	194.0	21.0	31.0	37.0		
Bitlis	320.0	106.0	50.0	244.0	23.0	30.0	588.0	192.0	6.0	12.0	133.0	110.0	8.0	246.0	20.0	27.0	58.0	0.0	25.0	27.0	302.0	65.0	20.0	41.0	60.0	444.0	7.0	31.0	130.0	39.0	112.0	45.0	197.0	36.0	26.0	60.0	188.0	18.0	46.0	2536.0	377.0	128.0	27.0	26.0	36.0	41.0	80.0	16.0	31.0	23.0	22.0	114.0	172.0	40.0	161.0	176.0	90.0	563.0	80.0	584.0	29.0	36.0	46.0	73.0	30.0	56.0	71.0	133.0	284.0	5.0	73.0	55.0	84.0	50.0	58.0	15.0	29.0	667.0	45.0	32.0	28.0		
Bolu	154.0	42.0	100.0	127.0	46.0	50.0	2443.0	251.0	14.0	33.0	80.0	126.0	152.0	42.0	19.0	63.0	14.0	39.0	0.0	18.0	260.0	94.0	81.0	211.0	58.0	69.0	631.0	49.0	46.0	40.0	104.0	124.0	87.0	64.0	25.0	15.0	129.0	30.0	49.0	2493.0	210.0	97.0	334.0	15.0	23.0	121.0	87.0	3.0	59.0	32.0	53.0	555.0	140.0	72.0	85.0	84.0	50.0	141.0	84.0	61.0	20.0	23.0	115.0	69.0	37.0	465.0	113.0	93.0	46.0	43.0	27.0	91.0	100.0	90.0	69.0	13.0	21.0	53.0	37.0	71.0	764.0		
Burdur	166.0	36.0	360.0	87.0	43.0	20.0	342.0	2803.0	10.0	15.0	207.0	100.0	12.0	31.0	14.0	24.0	13.0	62.0	26.0	0.0	191.0	55.0	19.0	41.0	851.0	90.0	22.0	25.0	56.0	41.0	83.0	103.0	90.0	35.0	20.0	13.0	154.0	38.0	897.0	548.0	429.0	73.0	18.0	47.0	42.0	34.0	102.0	6.0	11.0	28.0	23.0	148.0	347.0	102.0	45.0	204.0	40.0	260.0	416.0	38.0	13.0	39.0	44.0	59.0	27.0	40.0	67.0	113.0	40.0	36.0	32.0	71.0	37.0	32.0	33.0	12.0	110.0	93.0	21.0	30.0	51.0		
Bursa	898.0	304.0	809.0	1382.0	333.0	341.0	3171.0	1113.0	524.0	1006.0	790.0	4238.0	192.0	326.0	173.0	1103.0	272.0	707.0	269.0	161.0	0.0	1055.0	140.0	431.0	537.0	1433.0	345.0	436.0	525.0	335.0	3126.0	1429.0	680.0	904.0	510.0	145.0	569.0	259.0	422.0	10866.0	2847.0	474.0	342.0	131.0	698.0	276.0	524.0	66.0	279.0	400.0	141.0	2216.0	1286.0	2385.0	449.0	1079.0	649.0	819.0	654.0	2138.0	180.0	385.0	1103.0	162.0	474.0	1075.0	2102.0	1011.0	298.0	196.0	214.0	707.0	736.0	707.0	1088.0	120.0	268.0	1325.0	985.0	1005.0	1265.0		
Canakkale	336.0	40.0	162.0	241.0	50.0	67.0	1064.0	382.0	39.0	54.0	384.0	2177.0	62.0	52.0	36.0	79.0	29.0	57.0	95.0	47.0	1409.0	0.0	49.0	88.0	241.0	163.0	93.0	670.0	95.0	50.0	214.0	259.0	197.0	82.0	62.0	54.0	216.0	57.0	104.0	6374.0	1618.0	144.0	61.0	19.0	115.0	79.0	127.0	21.0	53.0	294.0	35.0	691.0	323.0	197.0	113.0	559.0	174.0	289.0	325.0	152.0	53.0	57.0	218.0	67.0	62.0	210.0	256.0	175.0	66.0	36.0	76.0	115.0	898.0	121.0	192.0	46.0	79.0	326.0	124.0	87.0	183.0		
Cankiri	147.0	43.0	50.0	61.0	51.0	73.0	9486.0	136.0	23.0	14.0	63.0	61.0	38.0	26.0	5.0	27.0	12.0	29.0	88.0	12.0	173.0	32.0	0.0	230.0	46.0	66.0	20.0	34.0	35.0	21.0	44.0	89.0	54.0	28.0	15.0	18.0	67.0	20.0	31.0	7200.0	188.0	53.0	414.0	15.0	33.0	255.0	71.0	0.0	312.0	21.0	54.0	393.0	197.0	40.0	40.0	55.0	64.0	118.0	41.0	19.0	29.0	35.0	58.0	32.0	12.0	91.0	122.0	130.0	13.0	42.0	30.0	114.0	59.0	98.0	29.0	24.0	10.0	42.0	18.0	99.0	152.0		
Corum	130.0	65.0	72.0	121.0	47.0	684.0	4761.0	337.0	25.0	32.0	141.0	135.0	50.0	19.0	21.0	39.0	37.0	33.0	110.0	26.0	281.0	78.0	164.0	0.0	73.0	84.0	47.0	31.0	85.0	73.0	147.0	120.0	101.0	80.0	55.0	17.0	84.0	26.0	66.0	3032.0	467.0	63.0	78.0	22.0	61.0	289.0	192.0	8.0	294.0	37.0	94.0	194.0	274.0	69.0	69.0	113.0	71.0	146.0	122.0	38.0	45.0	60.0	119.0	26.0	64.0	106.0	654.0	230.0	31.0	113.0	36.0	153.0	60.0	297.0	155.0	38.0	21.0	107.0	24.0	407.0	97.0		
Denizli	378.0	92.0	2240.0	348.0	72.0	63.0	1110.0	1489.0	35.0	30.0	2326.0	417.0	50.0	106.0	21.0	59.0	55.0	80.0	36.0	906.0	478.0	156.0	37.0	77.0	0.0	292.0	51.0	93.0	122.0	57.0	407.0	289.0	250.0	74.0	36.0	59.0	282.0	83.0	752.0	1746.0	2621.0	176.0	57.0	77.0	179.0	97.0	195.0	12.0	88.0	75.0	66.0	226.0	665.0	279.0	142.0	1240.0	203.0	377.0	1601.0	300.0	49.0	69.0	137.0	103.0	66.0	145.0	152.0	212.0	85.0	27.0	89.0	150.0	190.0	121.0	111.0	51.0	738.0	374.0	54.0	102.0	133.0		
Diyarbakir	1563.0	419.0	150.0	251.0	62.0	65.0	2426.0	995.0	59.0	40.0	271.0	571.0	29.0	1904.0	32.0	66.0	817.0	371.0	74.0	60.0	790.0	142.0	30.0	90.0	125.0	0.0	62.0	98.0	1158.0	138.0	315.0	291.0	798.0	107.0	56.0	199.0	681.0	117.0	118.0	5575.0	1858.0	329.0	59.0	52.0	169.0	137.0	318.0	109.0	75.0	86.0	83.0	280.0	547.0	123.0	713.0	375.0	1919.0	1326.0	320.0	402.0	42.0	80.0	81.0	188.0	38.0	173.0	141.0	1502.0	477.0	32.0	442.0	193.0	182.0	129.0	124.0	200.0	55.0	746.0	98.0	67.0	81.0		
Duzce	95.0	19.0	58.0	146.0	29.0	26.0	692.0	143.0	19.0	43.0	79.0	120.0	53.0	48.0	12.0	65.0	37.0	34.0	708.0	20.0	335.0	51.0	42.0	45.0	48.0	85.0	0.0	42.0	44.0	21.0	109.0	84.0	50.0	91.0	27.0	21.0	68.0	22.0	38.0	3039.0	145.0	66.0	97.0	19.0	57.0	74.0	54.0	8.0	29.0	29.0	23.0	1268.0	125.0	67.0	56.0	73.0	44.0	73.0	77.0	32.0	48.0	26.0	116.0	30.0	55.0	1327.0	149.0	75.0	13.0	22.0	33.0	60.0	146.0	54.0	205.0	5.0	23.0	56.0	43.0	54.0	703.0		
Edirne	117.0	33.0	62.0	185.0	28.0	42.0	518.0	151.0	20.0	26.0	118.0	326.0	40.0	55.0	33.0	27.0	21.0	39.0	59.0	14.0	479.0	468.0	36.0	50.0	101.0	118.0	33.0	0.0	53.0	55.0	106.0	110.0	106.0	43.0	47.0	34.0	106.0	69.0	58.0	5685.0	479.0	77.0	57.0	24.0	136.0	58.0	77.0	10.0	30.0	945.0	33.0	295.0	151.0	71.0	67.0	130.0	111.0	100.0	107.0	58.0	23.0	35.0	201.0	31.0	50.0	143.0	145.0	97.0	43.0	37.0	67.0	51.0	1977.0	201.0	70.0	35.0	33.0	119.0	41.0	38.0	131.0		
Elazig	858.0	285.0	77.0	80.0	56.0	61.0	875.0	307.0	25.0	38.0	129.0	159.0	28.0	144.0	24.0	42.0	1081.0	98.0	36.0	42.0	373.0	48.0	29.0	57.0	99.0	1563.0	33.0	58.0	0.0	204.0	225.0	114.0	413.0	90.0	64.0	85.0	306.0	31.0	59.0	3528.0	567.0	303.0	41.0	54.0	69.0	45.0	266.0	49.0	48.0	31.0	47.0	258.0	280.0	67.0	3577.0	136.0	199.0	530.0	155.0	246.0	48.0	47.0	54.0	180.0	57.0	109.0	98.0	339.0	64.0	24.0	111.0	176.0	105.0	75.0	133.0	675.0	39.0	146.0	55.0	63.0	43.0		
Erzincan	197.0	121.0	49.0	149.0	31.0	41.0	781.0	215.0	43.0	47.0	121.0	107.0	19.0	59.0	132.0	37.0	93.0	52.0	45.0	16.0	239.0	50.0	27.0	67.0	59.0	190.0	17.0	32.0	263.0	0.0	732.0	101.0	119.0	94.0	423.0	72.0	112.0	96.0	60.0	3370.0	440.0	142.0	31.0	13.0	118.0	25.0	209.0	13.0	43.0	22.0	25.0	154.0	178.0	68.0	239.0	97.0	94.0	168.0	67.0	63.0	33.0	42.0	102.0	98.0	41.0	68.0	166.0	148.0	44.0	17.0	75.0	286.0	83.0	118.0	221.0	119.0	33.0	153.0	35.0	63.0	30.0		
Erzurum	366.0	138.0	108.0	439.0	81.0	113.0	1697.0	332.0	215.0	336.0	221.0	248.0	35.0	72.0	202.0	78.0	147.0	78.0	44.0	65.0	1212.0	108.0	58.0	127.0	179.0	244.0	59.0	40.0	223.0	655.0	0.0	183.0	260.0	249.0	285.0	60.0	284.0	326.0	88.0	3865.0	1398.0	216.0	68.0	46.0	642.0	120.0	327.0	13.0	74.0	86.0	57.0	670.0	452.0	152.0	283.0	265.0	105.0	264.0	204.0	284.0	95.0	75.0	257.0	127.0	488.0	214.0	476.0	198.0	51.0	45.0	76.0	236.0	309.0	184.0	681.0	20.0	61.0	248.0	117.0	119.0	75.0		
Eskisehir	400.0	138.0	2019.0	592.0	122.0	165.0	3531.0	1129.0	51.0	92.0	454.0	850.0	65.0	122.0	56.0	1489.0	64.0	99.0	205.0	81.0	1703.0	259.0	95.0	187.0	375.0	373.0	143.0	138.0	172.0	170.0	390.0	0.0	257.0	111.0	39.0	83.0	424.0	105.0	264.0	3501.0	1579.0	206.0	138.0	92.0	295.0	111.0	321.0	23.0	182.0	159.0	112.0	789.0	1257.0	1434.0	320.0	508.0	194.0	534.0	485.0	129.0	87.0	165.0	204.0	86.0	119.0	388.0	694.0	421.0	87.0	106.0	66.0	204.0	392.0	176.0	195.0	58.0	220.0	322.0	133.0	110.0	279.0		
Gaziantep	2434.0	2910.0	182.0	171.0	123.0	81.0	1407.0	1122.0	37.0	53.0	259.0	215.0	28.0	346.0	59.0	43.0	162.0	154.0	69.0	49.0	407.0	97.0	28.0	85.0	164.0	768.0	43.0	70.0	382.0	110.0	353.0	193.0	0.0	118.0	50.0	108.0	2095.0	45.0	155.0	3493.0	830.0	2809.0	40.0	69.0	148.0	73.0	439.0	2506.0	77.0	72.0	70.0	266.0	632.0	110.0	763.0	162.0	651.0	1831.0	296.0	201.0	63.0	138.0	85.0	970.0	53.0	101.0	193.0	7041.0	311.0	32.0	579.0	241.0	158.0	110.0	170.0	74.0	94.0	600.0	48.0	137.0	67.0		
Giresun	174.0	57.0	40.0	89.0	36.0	80.0	667.0	172.0	32.0	141.0	100.0	161.0	30.0	48.0	89.0	22.0	35.0	35.0	38.0	20.0	903.0	60.0	37.0	84.0	60.0	113.0	49.0	42.0	112.0	73.0	277.0	98.0	119.0	0.0	299.0	29.0	123.0	43.0	36.0	11066.0	279.0	125.0	65.0	23.0	77.0	51.0	184.0	5.0	45.0	43.0	27.0	1175.0	188.0	54.0	109.0	110.0	55.0	154.0	97.0	43.0	25.0	26.0	1090.0	49.0	264.0	199.0	795.0	88.0	26.0	75.0	70.0	194.0	136.0	129.0	1205.0	25.0	23.0	94.0	84.0	60.0	198.0		
Gumushane	164.0	74.0	45.0	59.0	43.0	52.0	1295.0	244.0	28.0	59.0	55.0	128.0	18.0	36.0	133.0	18.0	11.0	26.0	31.0	18.0	417.0	34.0	13.0	54.0	49.0	72.0	34.0	39.0	64.0	606.0	356.0	49.0	98.0	725.0	0.0	17.0	99.0	35.0	43.0	5120.0	487.0	104.0	22.0	23.0	49.0	32.0	123.0	8.0	28.0	45.0	41.0	956.0	142.0	29.0	122.0	56.0	48.0	205.0	111.0	30.0	20.0	33.0	161.0	66.0	192.0	128.0	591.0	79.0	35.0	15.0	36.0	96.0	64.0	91.0	1713.0	9.0	18.0	87.0	9.0	52.0	60.0		
Hakkari	229.0	60.0	64.0	56.0	37.0	38.0	649.0	129.0	26.0	11.0	54.0	126.0	8.0	64.0	15.0	22.0	43.0	40.0	33.0	20.0	118.0	57.0	30.0	54.0	63.0	207.0	14.0	38.0	60.0	32.0	108.0	71.0	119.0	26.0	17.0	0.0	133.0	21.0	72.0	1088.0	264.0	100.0	22.0	15.0	41.0	39.0	96.0	20.0	59.0	38.0	24.0	112.0	151.0	50.0	102.0	97.0	73.0	281.0	61.0	23.0	17.0	27.0	33.0	76.0	19.0	69.0	66.0	99.0	34.0	11.0	109.0	63.0	75.0	59.0	73.0	14.0	29.0	1305.0	3.0	48.0	58.0		
Hatay	2612.0	390.0	198.0	127.0	136.0	64.0	1464.0	1361.0	42.0	47.0	248.0	185.0	25.0	205.0	46.0	64.0	113.0	123.0	102.0	90.0	371.0	127.0	58.0	48.0	237.0	765.0	71.0	116.0	376.0	94.0	289.0	266.0	1981.0	92.0	49.0	156.0	0.0	47.0	176.0	3121.0	863.0	1073.0	92.0	81.0	115.0	116.0	308.0	319.0	84.0	95.0	64.0	368.0	597.0	159.0	415.0	195.0	523.0	1916.0	414.0	148.0	104.0	224.0	78.0	1154.0	51.0	130.0	155.0	1367.0	160.0	19.0	260.0	231.0	167.0	138.0	153.0	86.0	56.0	262.0	35.0	89.0	121.0		
Igdir	90.0	36.0	49.0	614.0	16.0	31.0	455.0	105.0	57.0	32.0	72.0	70.0	7.0	50.0	43.0	15.0	31.0	45.0	15.0	28.0	159.0	36.0	7.0	28.0	54.0	100.0	14.0	44.0	26.0	71.0	258.0	75.0	75.0	54.0	32.0	46.0	42.0	0.0	30.0	1441.0	305.0	56.0	22.0	10.0	351.0	38.0	54.0	13.0	30.0	46.0	9.0	58.0	118.0	28.0	79.0	89.0	37.0	69.0	59.0	49.0	13.0	17.0	48.0	35.0	32.0	44.0	74.0	72.0	19.0	13.0	50.0	29.0	78.0	36.0	65.0	5.0	11.0	207.0	22.0	29.0	10.0		
Isparta	378.0	81.0	897.0	80.0	74.0	37.0	1176.0	3230.0	29.0	37.0	551.0	225.0	22.0	87.0	32.0	49.0	54.0	67.0	51.0	792.0	356.0	97.0	35.0	81.0	712.0	174.0	22.0	65.0	70.0	56.0	107.0	193.0	171.0	50.0	48.0	122.0	253.0	54.0	0.0	1463.0	930.0	196.0	39.0	150.0	87.0	56.0	192.0	15.0	41.0	41.0	44.0	194.0	1123.0	197.0	88.0	392.0	123.0	426.0	400.0	41.0	55.0	72.0	89.0	138.0	45.0	89.0	114.0	184.0	115.0	28.0	74.0	110.0	99.0	60.0	77.0	76.0	163.0	101.0	21.0	80.0	87.0		
İstanbul	8249.0	5759.0	2154.0	7404.0	2062.0	3644.0	19436.0	8868.0	2929.0	1303.0	3554.0	7161.0	2568.0	6497.0	1011.0	1428.0	2797.0	4694.0	2691.0	491.0	11250.0	4500.0	4646.0	2694.0	2226.0	8856.0	2851.0	5572.0	3264.0	3012.0	9249.0	3971.0	4741.0	7490.0	3146.0	1368.0	6221.0	2922.0	1854.0	0.0	15238.0	3557.0	2736.0	664.0	4950.0	5576.0	4119.0	682.0	1151.0	4242.0	792.0	15880.0	6090.0	2403.0	7764.0	3443.0	7033.0	6247.0	4468.0	6274.0	2125.0	2801.0	23030.0	1502.0	4991.0	8324.0	10670.0	5929.0	3675.0	4037.0	1889.0	8651.0	10895.0	26819.0	7094.0	1013.0	824.0	11930.0	3177.0	3615.0	7089.0		
İzmir	1737.0	350.0	2993.0	1871.0	350.0	551.0	7237.0	3228.0	268.0	298.0	5916.0	4344.0	159.0	616.0	156.0	242.0	291.0	685.0	230.0	364.0	2843.0	1428.0	185.0	713.0	2708.0	2949.0	207.0	542.0	858.0	606.0	2724.0	1700.0	1082.0	387.0	278.0	304.0	1295.0	382.0	1174.0	12355.0	0.0	685.0	289.0	295.0	1153.0	266.0	994.0	62.0	359.0	421.0	278.0	1824.0	2952.0	2195.0	1182.0	9801.0	2504.0	1729.0	3714.0	1168.0	337.0	427.0	630.0	324.0	483.0	577.0	1076.0	1597.0	334.0	145.0	352.0	1366.0	943.0	1255.0	673.0	428.0	1529.0	1250.0	285.0	588.0	597.0		
Kahramanmaras	1857.0	733.0	108.0	121.0	108.0	50.0	965.0	1002.0	40.0	54.0	119.0	148.0	23.0	115.0	25.0	39.0	145.0	96.0	43.0	83.0	230.0	73.0	37.0	80.0	117.0	281.0	26.0	56.0	339.0	121.0	316.0	148.0	2842.0	71.0	62.0	72.0	1172.0	65.0	107.0	2288.0	414.0	0.0	43.0	76.0	101.0	68.0	1268.0	131.0	54.0	47.0	143.0	155.0	546.0	104.0	975.0	135.0	236.0	1087.0	232.0	126.0	112.0	109.0	53.0	1512.0	59.0	72.0	120.0	666.0	128.0	31.0	178.0	293.0	146.0	127.0	117.0	65.0	50.0	156.0	23.0	154.0	71.0		
Karabuk	149.0	24.0	79.0	65.0	28.0	36.0	1543.0	225.0	19.0	19.0	130.0	140.0	337.0	32.0	15.0	35.0	18.0	28.0	237.0	16.0	515.0	82.0	356.0	89.0	86.0	56.0	139.0	91.0	29.0	41.0	100.0	161.0	77.0	65.0	32.0	12.0	187.0	16.0	45.0	3216.0	271.0	47.0	0.0	43.0	37.0	496.0	131.0	4.0	60.0	62.0	30.0	563.0	194.0	68.0	104.0	116.0	38.0	151.0	100.0	26.0	30.0	31.0	92.0	69.0	47.0	244.0	235.0	58.0	18.0	61.0	16.0	54.0	143.0	82.0	121.0	6.0	34.0	49.0	43.0	38.0	1070.0		
Karaman	240.0	30.0	101.0	32.0	98.0	15.0	376.0	730.0	36.0	26.0	90.0	40.0	8.0	22.0	13.0	14.0	15.0	19.0	8.0	51.0	63.0	26.0	16.0	23.0	59.0	67.0	16.0	11.0	38.0	40.0	81.0	50.0	99.0	25.0	12.0	16.0	109.0	23.0	75.0	630.0	237.0	90.0	13.0	0.0	11.0	24.0	107.0	15.0	26.0	25.0	41.0	60.0	2140.0	32.0	39.0	63.0	36.0	1495.0	71.0	28.0	36.0	84.0	32.0	66.0	10.0	23.0	28.0	103.0	10.0	1.0	40.0	44.0	46.0	18.0	26.0	11.0	28.0	39.0	7.0	71.0	28.0		
Kars	158.0	75.0	67.0	199.0	43.0	41.0	974.0	145.0	207.0	61.0	89.0	150.0	13.0	94.0	19.0	35.0	40.0	34.0	26.0	23.0	248.0	57.0	21.0	43.0	70.0	249.0	24.0	89.0	79.0	105.0	650.0	89.0	147.0	68.0	33.0	95.0	129.0	580.0	54.0	1906.0	538.0	94.0	25.0	21.0	0.0	28.0	135.0	15.0	42.0	75.0	36.0	335.0	177.0	38.0	129.0	175.0	92.0	152.0	76.0	61.0	28.0	40.0	98.0	52.0	70.0	89.0	154.0	157.0	42.0	15.0	64.0	82.0	161.0	48.0	168.0	10.0	18.0	141.0	34.0	56.0	46.0		
Kastamonu	171.0	56.0	95.0	87.0	55.0	101.0	1396.0	136.0	22.0	40.0	89.0	160.0	202.0	54.0	23.0	33.0	36.0	46.0	103.0	9.0	233.0	55.0	304.0	258.0	62.0	76.0	73.0	41.0	53.0	41.0	122.0	121.0	83.0	66.0	31.0	20.0	103.0	22.0	46.0	10023.0	265.0	67.0	423.0	35.0	40.0	0.0	142.0	7.0	97.0	48.0	65.0	422.0	268.0	62.0	48.0	116.0	59.0	156.0	82.0	27.0	38.0	58.0	141.0	53.0	48.0	124.0	550.0	79.0	26.0	447.0	52.0	90.0	146.0	115.0	145.0	9.0	25.0	68.0	39.0	100.0	382.0		
Kayseri	1868.0	139.0	170.0	541.0	438.0	192.0	2731.0	959.0	42.0	41.0	250.0	320.0	42.0	124.0	33.0	27.0	113.0	108.0	74.0	54.0	399.0	108.0	108.0	299.0	153.0	336.0	56.0	78.0	285.0	209.0	603.0	271.0	515.0	163.0	109.0	98.0	438.0	95.0	172.0	3287.0	881.0	1477.0	128.0	130.0	226.0	142.0	0.0	21.0	401.0	83.0	718.0	289.0	1044.0	125.0	484.0	195.0	173.0	1028.0	257.0	115.0	2005.0	1237.0	183.0	327.0	110.0	169.0	355.0	488.0	81.0	35.0	121.0	3241.0	220.0	368.0	217.0	91.0	51.0	225.0	38.0	2919.0	134.0		
Kilis	420.0	173.0	20.0	26.0	11.0	11.0	136.0	157.0	5.0	5.0	23.0	31.0	3.0	34.0	9.0	7.0	5.0	31.0	3.0	6.0	33.0	3.0	9.0	7.0	13.0	141.0	3.0	34.0	59.0	7.0	41.0	15.0	2133.0	11.0	9.0	7.0	441.0	12.0	15.0	519.0	86.0	303.0	1.0	10.0	16.0	13.0	52.0	0.0	6.0	12.0	11.0	31.0	71.0	11.0	74.0	25.0	88.0	247.0	28.0	19.0	22.0	19.0	9.0	217.0	21.0	11.0	25.0	269.0	21.0	4.0	32.0	39.0	15.0	21.0	19.0	6.0	10.0	38.0	1.0	21.0	14.0		
Kirikkale	153.0	58.0	66.0	44.0	110.0	46.0	7409.0	260.0	16.0	14.0	129.0	90.0	30.0	39.0	16.0	33.0	32.0	36.0	54.0	10.0	197.0	27.0	137.0	274.0	75.0	91.0	36.0	26.0	57.0	55.0	94.0	110.0	93.0	53.0	32.0	30.0	92.0	15.0	70.0	866.0	272.0	66.0	34.0	29.0	57.0	80.0	235.0	8.0	0.0	30.0	534.0	161.0	283.0	37.0	64.0	64.0	68.0	133.0	78.0	27.0	79.0	50.0	88.0	61.0	27.0	69.0	156.0	160.0	29.0	24.0	28.0	170.0	129.0	113.0	78.0	13.0	23.0	69.0	10.0	313.0	65.0		
Kirklareli	161.0	63.0	69.0	86.0	39.0	31.0	385.0	120.0	25.0	20.0	90.0	261.0	27.0	34.0	27.0	34.0	19.0	28.0	32.0	23.0	267.0	294.0	28.0	37.0	69.0	99.0	52.0	910.0	25.0	40.0	154.0	109.0	83.0	36.0	71.0	29.0	93.0	69.0	45.0	5053.0	352.0	92.0	48.0	22.0	164.0	92.0	66.0	4.0	29.0	0.0	18.0	239.0	179.0	59.0	88.0	120.0	79.0	189.0	64.0	33.0	21.0	77.0	108.0	39.0	55.0	126.0	155.0	109.0	24.0	25.0	21.0	70.0	1734.0	104.0	82.0	20.0	29.0	97.0	26.0	42.0	82.0		
Kirsehir	219.0	58.0	65.0	100.0	358.0	35.0	2396.0	275.0	19.0	8.0	72.0	81.0	20.0	37.0	9.0	23.0	31.0	43.0	35.0	24.0	130.0	31.0	49.0	85.0	58.0	88.0	16.0	25.0	39.0	37.0	89.0	89.0	136.0	38.0	40.0	23.0	145.0	12.0	43.0	639.0	256.0	179.0	47.0	58.0	24.0	43.0	764.0	8.0	482.0	22.0	0.0	110.0	320.0	49.0	66.0	71.0	183.0	227.0	100.0	68.0	545.0	128.0	53.0	72.0	18.0	41.0	115.0	218.0	21.0	9.0	27.0	91.0	18.0	73.0	38.0	6.0	25.0	67.0	16.0	856.0	25.0		
Kocaeli	726.0	175.0	554.0	1187.0	155.0	342.0	2550.0	779.0	454.0	459.0	440.0	1059.0	359.0	170.0	202.0	334.0	189.0	235.0	589.0	74.0	2149.0	454.0	276.0	276.0	284.0	483.0	1152.0	330.0	312.0	265.0	1714.0	656.0	428.0	1234.0	766.0	107.0	664.0	220.0	242.0	20503.0	1859.0	379.0	588.0	96.0	1067.0	423.0	361.0	49.0	271.0	265.0	151.0	0.0	757.0	468.0	436.0	566.0	277.0	653.0	660.0	548.0	281.0	199.0	2689.0	240.0	492.0	3535.0	1057.0	455.0	157.0	360.0	134.0	621.0	729.0	1510.0	1177.0	84.0	145.0	955.0	927.0	465.0	1526.0		
Konya	1409.0	190.0	1321.0	430.0	2105.0	197.0	5743.0	3681.0	68.0	76.0	729.0	519.0	84.0	206.0	58.0	135.0	143.0	158.0	148.0	249.0	949.0	184.0	173.0	266.0	547.0	558.0	104.0	125.0	365.0	207.0	618.0	835.0	661.0	142.0	112.0	162.0	831.0	146.0	1119.0	4651.0	2493.0	582.0	196.0	2448.0	345.0	246.0	920.0	64.0	220.0	128.0	293.0	641.0	0.0	382.0	456.0	686.0	442.0	1795.0	494.0	230.0	455.0	735.0	244.0	420.0	168.0	270.0	457.0	938.0	260.0	118.0	239.0	440.0	380.0	279.0	323.0	72.0	244.0	821.0	70.0	461.0	221.0		
Kutahya	221.0	58.0	635.0	112.0	43.0	53.0	922.0	530.0	34.0	32.0	303.0	614.0	39.0	49.0	13.0	288.0	53.0	39.0	60.0	97.0	1916.0	148.0	39.0	78.0	293.0	129.0	70.0	60.0	84.0	42.0	119.0	930.0	168.0	72.0	34.0	38.0	181.0	28.0	223.0	1850.0	1771.0	132.0	49.0	78.0	59.0	85.0	110.0	20.0	58.0	56.0	43.0	321.0	446.0	0.0	91.0	856.0	80.0	292.0	220.0	50.0	39.0	35.0	93.0	62.0	67.0	196.0	136.0	157.0	46.0	49.0	55.0	110.0	152.0	72.0	63.0	22.0	589.0	134.0	80.0	78.0	126.0		
Malatya	954.0	2200.0	82.0	116.0	45.0	69.0	1579.0	535.0	36.0	32.0	142.0	242.0	23.0	210.0	28.0	21.0	449.0	122.0	39.0	40.0	293.0	67.0	38.0	52.0	94.0	771.0	36.0	78.0	1779.0	202.0	258.0	252.0	683.0	69.0	40.0	123.0	498.0	31.0	107.0	5172.0	759.0	832.0	45.0	44.0	99.0	72.0	500.0	60.0	65.0	79.0	65.0	194.0	475.0	77.0	0.0	118.0	180.0	913.0	181.0	264.0	50.0	74.0	80.0	242.0	40.0	110.0	153.0	642.0	109.0	39.0	186.0	514.0	209.0	106.0	118.0	83.0	43.0	256.0	51.0	98.0	44.0		
Manisa	351.0	121.0	745.0	498.0	113.0	70.0	1174.0	893.0	68.0	54.0	1064.0	2432.0	111.0	264.0	29.0	73.0	82.0	376.0	61.0	123.0	1020.0	437.0	65.0	115.0	946.0	483.0	85.0	190.0	172.0	123.0	509.0	385.0	177.0	92.0	33.0	96.0	250.0	135.0	345.0	2478.0	8412.0	188.0	83.0	87.0	257.0	113.0	140.0	31.0	70.0	114.0	58.0	430.0	705.0	1412.0	222.0	0.0	500.0	373.0	783.0	389.0	67.0	133.0	148.0	75.0	91.0	213.0	188.0	365.0	183.0	52.0	158.0	182.0	253.0	124.0	164.0	44.0	1036.0	334.0	63.0	119.0	1060.0		
Mardin	1059.0	195.0	95.0	95.0	50.0	49.0	975.0	446.0	25.0	28.0	157.0	137.0	22.0	771.0	30.0	49.0	84.0	82.0	47.0	64.0	346.0	89.0	37.0	42.0	135.0	1926.0	18.0	88.0	135.0	52.0	106.0	129.0	469.0	66.0	28.0	64.0	445.0	55.0	117.0	4820.0	1814.0	144.0	18.0	47.0	63.0	37.0	136.0	45.0	61.0	67.0	97.0	196.0	372.0	71.0	168.0	317.0	0.0	1134.0	181.0	74.0	47.0	42.0	63.0	88.0	41.0	68.0	110.0	1500.0	201.0	19.0	950.0	77.0	71.0	80.0	51.0	36.0	64.0	268.0	29.0	68.0	54.0		
Mersin	6218.0	1046.0	303.0	329.0	379.0	94.0	2537.0	1730.0	33.0	79.0	361.0	266.0	61.0	605.0	40.0	97.0	227.0	939.0	95.0	140.0	541.0	159.0	96.0	109.0	259.0	1978.0	63.0	97.0	460.0	158.0	342.0	370.0	2036.0	121.0	113.0	514.0	2420.0	87.0	302.0	4161.0	1228.0	1173.0	100.0	1027.0	192.0	113.0	769.0	196.0	91.0	89.0	151.0	494.0	1614.0	172.0	1023.0	326.0	1408.0	0.0	467.0	477.0	315.0	975.0	118.0	760.0	111.0	180.0	213.0	3277.0	584.0	61.0	923.0	443.0	194.0	217.0	256.0	121.0	86.0	1171.0	54.0	220.0	114.0		
Mugla	686.0	149.0	452.0	324.0	143.0	104.0	2242.0	2082.0	29.0	55.0	2798.0	545.0	79.0	100.0	31.0	78.0	93.0	86.0	93.0	304.0	721.0	262.0	57.0	225.0	1347.0	391.0	89.0	95.0	197.0	105.0	250.0	440.0	419.0	120.0	64.0	58.0	675.0	83.0	433.0	5262.0	3695.0	336.0	106.0	70.0	151.0	83.0	255.0	64.0	116.0	61.0	81.0	666.0	652.0	281.0	270.0	881.0	271.0	667.0	0.0	133.0	132.0	102.0	345.0	157.0	138.0	212.0	346.0	466.0	117.0	61.0	146.0	168.0	221.0	206.0	208.0	57.0	258.0	737.0	137.0	229.0	198.0		
Mus	308.0	111.0	67.0	200.0	31.0	29.0	430.0	141.0	15.0	29.0	166.0	100.0	31.0	281.0	12.0	22.0	146.0	454.0	25.0	36.0	750.0	50.0	7.0	52.0	128.0	537.0	24.0	31.0	204.0	60.0	182.0	100.0	158.0	30.0	8.0	86.0	138.0	23.0	30.0	2020.0	513.0	107.0	26.0	15.0	34.0	27.0	94.0	10.0	37.0	35.0	38.0	231.0	163.0	33.0	229.0	227.0	67.0	435.0	87.0	0.0	20.0	33.0	50.0	70.0	23.0	61.0	74.0	134.0	59.0	13.0	70.0	59.0	117.0	76.0	68.0	9.0	35.0	307.0	73.0	29.0	30.0		
Nevsehir	379.0	61.0	67.0	58.0	288.0	24.0	1090.0	257.0	9.0	16.0	89.0	92.0	14.0	48.0	28.0	14.0	37.0	25.0	28.0	11.0	105.0	34.0	20.0	72.0	66.0	87.0	12.0	38.0	79.0	25.0	103.0	84.0	128.0	32.0	27.0	23.0	142.0	19.0	49.0	1315.0	296.0	150.0	22.0	64.0	45.0	21.0	1304.0	17.0	87.0	30.0	333.0	116.0	391.0	23.0	100.0	81.0	41.0	338.0	76.0	50.0	0.0	305.0	63.0	73.0	29.0	40.0	108.0	173.0	20.0	16.0	39.0	187.0	41.0	66.0	57.0	20.0	21.0	67.0	28.0	259.0	30.0		
Nigde	2747.0	100.0	85.0	70.0	349.0	40.0	1033.0	366.0	5.0	18.0	84.0	81.0	21.0	32.0	9.0	22.0	36.0	48.0	16.0	26.0	297.0	27.0	24.0	45.0	92.0	93.0	29.0	31.0	57.0	38.0	96.0	121.0	154.0	55.0	18.0	33.0	242.0	11.0	84.0	2182.0	292.0	174.0	49.0	99.0	38.0	46.0	769.0	36.0	65.0	50.0	86.0	146.0	670.0	51.0	83.0	112.0	68.0	1126.0	95.0	43.0	253.0	0.0	95.0	173.0	26.0	61.0	99.0	198.0	33.0	15.0	39.0	132.0	106.0	88.0	84.0	14.0	25.0	65.0	26.0	150.0	34.0		
Ordu	138.0	44.0	104.0	111.0	66.0	184.0	1517.0	389.0	58.0	207.0	146.0	192.0	52.0	32.0	61.0	34.0	25.0	42.0	59.0	37.0	473.0	117.0	54.0	152.0	116.0	137.0	87.0	190.0	84.0	115.0	368.0	151.0	87.0	1029.0	134.0	35.0	109.0	41.0	79.0	14070.0	565.0	85.0	72.0	50.0	107.0	111.0	129.0	6.0	58.0	62.0	34.0	673.0	269.0	75.0	71.0	199.0	69.0	139.0	231.0	50.0	79.0	37.0	0.0	37.0	486.0	309.0	2713.0	85.0	30.0	135.0	40.0	259.0	555.0	548.0	811.0	11.0	26.0	114.0	59.0	112.0	165.0		
Osmaniye	3121.0	178.0	95.0	102.0	95.0	18.0	590.0	611.0	30.0	61.0	100.0	79.0	14.0	51.0	26.0	59.0	107.0	128.0	68.0	29.0	114.0	45.0	24.0	40.0	60.0	162.0	29.0	49.0	156.0	64.0	126.0	112.0	1142.0	44.0	36.0	53.0	1493.0	18.0	86.0	1057.0	215.0	1765.0	27.0	79.0	61.0	49.0	315.0	141.0	36.0	33.0	58.0	171.0	374.0	62.0	257.0	98.0	140.0	826.0	127.0	84.0	61.0	174.0	50.0	0.0	36.0	51.0	50.0	667.0	69.0	31.0	139.0	133.0	100.0	60.0	48.0	27.0	19.0	88.0	18.0	85.0	42.0		
Rize	116.0	31.0	46.0	96.0	41.0	35.0	991.0	201.0	51.0	646.0	105.0	95.0	20.0	24.0	73.0	17.0	21.0	19.0	27.0	9.0	332.0	38.0	11.0	83.0	59.0	91.0	32.0	40.0	88.0	64.0	556.0	76.0	81.0	227.0	91.0	26.0	79.0	33.0	30.0	6380.0	513.0	90.0	24.0	18.0	59.0	57.0	97.0	7.0	43.0	26.0	23.0	339.0	142.0	48.0	105.0	77.0	33.0	118.0	81.0	28.0	16.0	24.0	464.0	33.0	0.0	147.0	773.0	51.0	25.0	33.0	23.0	60.0	104.0	92.0	1613.0	6.0	16.0	139.0	120.0	41.0	53.0		
Sakarya	255.0	67.0	229.0	361.0	68.0	83.0	1161.0	321.0	55.0	105.0	156.0	343.0	152.0	68.0	67.0	468.0	40.0	74.0	598.0	30.0	1123.0	147.0	93.0	129.0	112.0	230.0	1200.0	124.0	130.0	93.0	529.0	380.0	152.0	199.0	68.0	67.0	153.0	56.0	114.0	9744.0	573.0	147.0	208.0	53.0	156.0	155.0	223.0	24.0	93.0	108.0	84.0	3319.0	278.0	247.0	197.0	245.0	121.0	192.0	170.0	166.0	48.0	81.0	357.0	57.0	281.0	0.0	307.0	144.0	68.0	65.0	87.0	175.0	362.0	379.0	665.0	24.0	46.0	364.0	184.0	121.0	652.0		
Samsun	249.0	137.0	133.0	175.0	101.0	1380.0	2465.0	553.0	53.0	346.0	260.0	329.0	107.0	63.0	103.0	97.0	84.0	56.0	126.0	48.0	1422.0	163.0	126.0	704.0	137.0	214.0	72.0	115.0	128.0	177.0	517.0	374.0	199.0	752.0	258.0	49.0	194.0	69.0	97.0	9661.0	869.0	162.0	169.0	55.0	133.0	436.0	319.0	18.0	189.0	124.0	116.0	733.0	471.0	114.0	185.0	177.0	102.0	301.0	230.0	54.0	94.0	80.0	4166.0	65.0	670.0	213.0	0.0	156.0	76.0	833.0	117.0	413.0	710.0	1328.0	1468.0	53.0	76.0	158.0	159.0	259.0	300.0		
sanliurfa	2195.0	1096.0	207.0	229.0	109.0	76.0	1984.0	1301.0	43.0	34.0	276.0	222.0	33.0	223.0	24.0	50.0	163.0	156.0	62.0	67.0	528.0	81.0	104.0	120.0	158.0	1859.0	40.0	95.0	297.0	85.0	364.0	310.0	4242.0	68.0	42.0	131.0	1083.0	57.0	126.0	3657.0	1076.0	436.0	49.0	73.0	150.0	77.0	357.0	155.0	85.0	59.0	142.0	240.0	683.0	102.0	463.0	332.0	1208.0	2294.0	329.0	126.0	131.0	111.0	89.0	436.0	47.0	144.0	145.0	0.0	168.0	20.0	275.0	132.0	176.0	151.0	144.0	57.0	94.0	317.0	54.0	172.0	87.0		
Siirt	434.0	84.0	66.0	76.0	39.0	41.0	535.0	137.0	4.0	10.0	99.0	115.0	13.0	1062.0	14.0	18.0	32.0	264.0	49.0	22.0	185.0	33.0	12.0	47.0	69.0	608.0	18.0	50.0	87.0	38.0	88.0	64.0	271.0	30.0	8.0	48.0	213.0	14.0	65.0	2117.0	230.0	167.0	21.0	18.0	25.0	37.0	76.0	18.0	40.0	27.0	28.0	116.0	135.0	42.0	112.0	103.0	238.0	455.0	85.0	70.0	23.0	40.0	30.0	101.0	19.0	49.0	52.0	184.0	0.0	5.0	443.0	54.0	70.0	74.0	60.0	9.0	16.0	327.0	31.0	40.0	17.0		
Sinop	51.0	10.0	27.0	36.0	10.0	97.0	559.0	74.0	25.0	30.0	42.0	63.0	26.0	39.0	4.0	24.0	9.0	16.0	48.0	13.0	136.0	56.0	51.0	179.0	63.0	34.0	26.0	30.0	18.0	31.0	65.0	50.0	31.0	60.0	20.0	7.0	51.0	34.0	30.0	6415.0	136.0	44.0	74.0	6.0	22.0	374.0	35.0	7.0	16.0	14.0	8.0	329.0	95.0	22.0	41.0	39.0	38.0	59.0	53.0	30.0	53.0	16.0	133.0	11.0	47.0	68.0	884.0	50.0	10.0	0.0	9.0	36.0	285.0	101.0	162.0	10.0	7.0	16.0	14.0	50.0	91.0		
Sirnak	646.0	115.0	82.0	112.0	40.0	49.0	753.0	281.0	21.0	13.0	88.0	164.0	7.0	340.0	13.0	51.0	61.0	57.0	26.0	28.0	252.0	90.0	52.0	66.0	95.0	536.0	37.0	81.0	88.0	37.0	84.0	101.0	504.0	55.0	17.0	165.0	268.0	38.0	60.0	1702.0	379.0	157.0	29.0	30.0	37.0	72.0	132.0	42.0	62.0	48.0	48.0	142.0	286.0	65.0	113.0	154.0	732.0	703.0	179.0	75.0	48.0	44.0	65.0	115.0	29.0	75.0	125.0	246.0	430.0	16.0	0.0	96.0	121.0	110.0	102.0	33.0	48.0	466.0	17.0	36.0	49.0		
Sivas	379.0	152.0	106.0	148.0	71.0	191.0	2104.0	532.0	58.0	42.0	151.0	203.0	37.0	61.0	19.0	36.0	40.0	62.0	58.0	61.0	318.0	90.0	59.0	177.0	109.0	206.0	55.0	51.0	135.0	241.0	244.0	133.0	243.0	224.0	65.0	88.0	254.0	51.0	54.0	8919.0	718.0	339.0	50.0	52.0	66.0	65.0	2730.0	21.0	99.0	36.0	95.0	435.0	353.0	97.0	607.0	137.0	107.0	500.0	128.0	68.0	120.0	120.0	202.0	113.0	44.0	113.0	390.0	230.0	48.0	34.0	93.0	0.0	123.0	943.0	136.0	37.0	45.0	130.0	40.0	392.0	71.0		
Tekirdag	324.0	249.0	146.0	423.0	201.0	250.0	990.0	301.0	103.0	52.0	213.0	654.0	199.0	113.0	48.0	68.0	63.0	127.0	108.0	44.0	692.0	870.0	61.0	108.0	150.0	367.0	164.0	2846.0	152.0	152.0	882.0	273.0	242.0	171.0	95.0	83.0	357.0	226.0	94.0	16982.0	856.0	159.0	194.0	31.0	644.0	196.0	223.0	20.0	138.0	2148.0	45.0	628.0	427.0	171.0	280.0	282.0	153.0	291.0	208.0	422.0	97.0	134.0	926.0	111.0	135.0	352.0	1427.0	304.0	146.0	379.0	70.0	310.0	0.0	1296.0	229.0	70.0	90.0	906.0	106.0	279.0	787.0		
Tokat	176.0	128.0	58.0	117.0	42.0	757.0	1741.0	278.0	28.0	52.0	102.0	149.0	30.0	62.0	32.0	26.0	119.0	56.0	71.0	52.0	391.0	82.0	68.0	261.0	69.0	164.0	82.0	50.0	142.0	135.0	238.0	120.0	141.0	124.0	43.0	27.0	112.0	32.0	63.0	12882.0	531.0	141.0	57.0	38.0	71.0	89.0	337.0	4.0	91.0	50.0	55.0	660.0	280.0	48.0	176.0	110.0	105.0	199.0	164.0	67.0	41.0	54.0	523.0	72.0	75.0	116.0	880.0	157.0	36.0	107.0	98.0	774.0	629.0	0.0	184.0	37.0	23.0	109.0	61.0	379.0	57.0		
Trabzon	218.0	69.0	111.0	322.0	51.0	154.0	1422.0	404.0	67.0	407.0	183.0	261.0	57.0	37.0	294.0	45.0	41.0	39.0	52.0	21.0	809.0	82.0	22.0	143.0	99.0	155.0	124.0	84.0	140.0	217.0	874.0	134.0	172.0	1080.0	975.0	39.0	216.0	65.0	55.0	6387.0	566.0	120.0	63.0	31.0	154.0	141.0	193.0	7.0	81.0	50.0	37.0	790.0	277.0	79.0	163.0	160.0	57.0	270.0	161.0	70.0	50.0	39.0	715.0	74.0	1304.0	370.0	1464.0	80.0	39.0	110.0	45.0	171.0	195.0	178.0	0.0	20.0	16.0	133.0	100.0	99.0	316.0		
Tunceli	241.0	79.0	39.0	39.0	30.0	25.0	579.0	133.0	13.0	8.0	62.0	98.0	10.0	78.0	10.0	14.0	54.0	29.0	8.0	14.0	222.0	30.0	9.0	38.0	31.0	510.0	6.0	43.0	1234.0	254.0	55.0	70.0	117.0	32.0	9.0	77.0	152.0	17.0	101.0	1376.0	374.0	97.0	13.0	20.0	11.0	22.0	57.0	12.0	55.0	25.0	10.0	124.0	88.0	12.0	163.0	79.0	113.0	328.0	57.0	36.0	4.0	17.0	32.0	72.0	8.0	21.0	61.0	88.0	30.0	14.0	68.0	62.0	54.0	54.0	52.0	0.0	5.0	83.0	19.0	29.0	43.0		
Usak	98.0	47.0	584.0	139.0	44.0	21.0	343.0	627.0	14.0	14.0	285.0	210.0	11.0	34.0	13.0	47.0	14.0	32.0	17.0	106.0	247.0	68.0	32.0	30.0	684.0	75.0	24.0	19.0	43.0	40.0	67.0	170.0	97.0	22.0	26.0	26.0	98.0	30.0	159.0	767.0	1369.0	47.0	25.0	32.0	38.0	26.0	51.0	2.0	19.0	17.0	12.0	89.0	238.0	937.0	67.0	1115.0	52.0	109.0	185.0	23.0	16.0	22.0	31.0	27.0	11.0	62.0	52.0	107.0	33.0	10.0	36.0	43.0	74.0	34.0	31.0	22.0	0.0	52.0	8.0	54.0	53.0		
Van	807.0	159.0	151.0	1133.0	76.0	78.0	2091.0	1277.0	37.0	85.0	301.0	359.0	16.0	396.0	34.0	77.0	109.0	876.0	111.0	78.0	846.0	179.0	41.0	97.0	350.0	756.0	69.0	124.0	262.0	112.0	346.0	219.0	672.0	89.0	56.0	2756.0	254.0	195.0	146.0	6122.0	1275.0	199.0	53.0	42.0	133.0	93.0	300.0	28.0	119.0	83.0	59.0	594.0	579.0	143.0	294.0	254.0	285.0	1256.0	387.0	400.0	66.0	70.0	154.0	121.0	107.0	211.0	254.0	316.0	305.0	28.0	557.0	114.0	451.0	144.0	268.0	59.0	66.0	0.0	111.0	122.0	76.0		
Yalova	89.0	29.0	54.0	121.0	37.0	71.0	390.0	155.0	18.0	72.0	114.0	254.0	25.0	46.0	22.0	87.0	52.0	77.0	87.0	19.0	1261.0	123.0	38.0	36.0	53.0	154.0	92.0	67.0	73.0	63.0	356.0	113.0	73.0	69.0	34.0	58.0	84.0	30.0	30.0	5423.0	396.0	73.0	42.0	20.0	90.0	85.0	64.0	8.0	21.0	33.0	23.0	967.0	101.0	95.0	90.0	118.0	108.0	111.0	137.0	169.0	20.0	21.0	89.0	32.0	93.0	278.0	134.0	105.0	156.0	13.0	44.0	130.0	110.0	125.0	155.0	19.0	17.0	80.0	0.0	48.0	201.0		
Yozgat	249.0	82.0	88.0	102.0	98.0	89.0	4682.0	340.0	15.0	32.0	94.0	128.0	39.0	23.0	24.0	31.0	22.0	29.0	49.0	26.0	356.0	46.0	92.0	367.0	66.0	133.0	30.0	24.0	79.0	81.0	163.0	127.0	150.0	80.0	19.0	10.0	100.0	27.0	55.0	1704.0	546.0	130.0	31.0	46.0	60.0	58.0	1437.0	6.0	242.0	16.0	634.0	148.0	353.0	64.0	103.0	90.0	60.0	278.0	105.0	29.0	214.0	125.0	84.0	112.0	45.0	87.0	246.0	189.0	40.0	25.0	50.0	357.0	121.0	307.0	115.0	10.0	27.0	57.0	26.0	0.0	64.0		
Zonguldak	167.0	27.0	97.0	58.0	42.0	55.0	1430.0	284.0	21.0	41.0	148.0	236.0	673.0	41.0	20.0	71.0	20.0	38.0	549.0	21.0	645.0	110.0	98.0	104.0	106.0	87.0	478.0	124.0	55.0	28.0	88.0	211.0	70.0	141.0	47.0	19.0	159.0	33.0	87.0	4341.0	387.0	70.0	656.0	29.0	45.0	264.0	118.0	10.0	70.0	68.0	39.0	823.0	224.0	95.0	70.0	157.0	45.0	157.0	144.0	41.0	30.0	54.0	169.0	71.0	83.0	467.0	284.0	63.0	22.0	65.0	35.0	85.0	359.0	73.0	263.0	31.0	38.0	63.0	84.0	85.0	0.0		
